CO-BRANCH;OFFICE;PRODUCT;GROUP;Jan-25;Feb-25;Mar-25;Apr-25;May-25;Jun-25;Jul-25;Aug-25;Sep-25;Oct-25;Nov-25;Dec-25;Jan-26;Feb-26;Mar-26;Apr-26;May-26;Jun-26
211 - MEDAN BALAIKOTA;211 - MEDAN BALAIKOTA;Cicil_Emas;KOL2;0;0;0;0;0;0;0;111776161,4;99548023,2;423751715,7;706569338,4;502222390,7;0;1144310486;0;0;1009820712;2168741235
211 - MEDAN BALAIKOTA;211 - MEDAN BALAIKOTA;KPR;KOL2;1530194085;2658643258;1773840755;2346054826;2428101389;1689304714;1517997380;1728933896;3040903948;2234261892;2744237551;1512786822;2194329147;2197963183;2275448331;2445599443;2968823968;2162046493
211 - MEDAN BALAIKOTA;211 - MEDAN BALAIKOTA;Multiguna;KOL2;0;0;104830030,5;0;49854742,4;202304955,1;195326016,8;188265380,3;183382049,4;100293446,6;120993873,8;45589692,25;89805937,65;101204068,7;138508389;65633002,03;16587146,21;233182605
211 - MEDAN BALAIKOTA;211 - MEDAN BALAIKOTA;Prohajj;KOL2;40435425,4;55443655,78;63751472,03;123050904,3;129343974;195445759,4;134736849,2;121712426,2;47175704;30269488,12;148798886;219740762,4;148822122;320931590,2;554692008,8;361638947,4;344174243;427339029,5
211 - MEDAN BALAIKOTA;211 - MEDAN BALAIKOTA;SME;KOL2;1984865340;141126891,6;1960376792;1926299482;356329969,6;351796280;866314946,6;851201679,8;2554916124;120617020,4;1788977763;118222690,6;113361961,7;113361961,7;110895081,3;717723662,6;691209811,1;105887067,4
482 - MEDAN BARU;214 - KCP BINJAI;Cicil_Emas;KOL2;0;0;0;98914100,97;104808193,9;7125921,69;0;0;0;3129987,67;2099592,04;1056316,46;0;21822957,07;0;0;64153264,58;1202612985
482 - MEDAN BARU;214 - KCP BINJAI;KPR;KOL2;0;125829840;164006647;160569400,6;52790738,89;185154638,3;138920086,4;201446601,5;239284277,2;173401154;232498971,2;141845515;182649601,5;122140874,6;188945467,9;73927954,21;112239065,6;163699787,8
482 - MEDAN BARU;214 - KCP BINJAI;Multiguna;KOL2;61982765,44;51825102,11;51825102,11;51825102,11;179147203,9;179147203,9;128267202;170450485,2;42183283,19;39211604,22;134646985,1;133839713,8;133672029,9;133503647,3;473830441,8;127080915,6;126910419,5;137648387,3
482 - MEDAN BARU;214 - KCP BINJAI;Prohajj;KOL2;64802181,85;78233584,81;85613239,16;55109605,02;40006171,32;27106032,34;23627572,17;22700608,02;36036039,71;42102307,93;55598469,53;21666650,47;12496047,25;12496047,25;12043658,33;19337918,35;6554613,19;0
482 - MEDAN BARU;214 - KCP BINJAI;SME;KOL2;52630246,82;51048785,34;49447555,58;47826310,43;46184799,7;44522770,08;42839965,07;41136124,99;39410986,89;37664284,55;35895748,42;34105105,57;32292079,67;30456390,93;30456390,93;26715888,25;24810497,07;24810497,07
211 - MEDAN BALAIKOTA;215 - KCP SUKARAMAI;Cicil_Emas;KOL2;0;0;0;0;0;88060315,4;40175276,01;0;40249007,32;0;51594202,28;36682062,05;0;113089953,5;0;0;78849439,12;524461097,5
211 - MEDAN BALAIKOTA;215 - KCP SUKARAMAI;KPR;KOL2;161820130,1;160630221,4;392909938,6;387727077,4;83548119,13;81813976,89;433053198,5;151749858,6;147126835,2;589271682,3;255632099,1;140287293,9;246321345,1;221039905;215363807,7;147084129,7;309052819,7;240857588,8
211 - MEDAN BALAIKOTA;215 - KCP SUKARAMAI;Multiguna;KOL2;0;0;0;42953358,41;0;0;0;33925004,62;0;0;48419250,42;0;0;30579935,57;75002738,25;0;0;0
211 - MEDAN BALAIKOTA;215 - KCP SUKARAMAI;Prohajj;KOL2;27970904,87;27492855,37;27006440;10366077,98;10366077,98;0;8855159,8;0;0;0;0;0;0;0;0;0;27511798,73;108320644
211 - MEDAN BALAIKOTA;215 - KCP SUKARAMAI;SME;KOL2;0;0;0;0;0;0;0;0;0;30932275,24;52942692,52;0;0;49091962,74;0;0;0;0
221 - PEKANBARU;221 - PEKANBARU;Cicil_Emas;KOL2;0;0;0;0;0;0;363043445,3;374693333,5;0;15626390,3;38581284,49;46847492,07;0;72636452,93;0;0;773420552,5;495429797,4
221 - PEKANBARU;221 - PEKANBARU;KPR;KOL2;4930598685;5215576089;5417442691;5241425018;5547780338;4267530420;4815848642;4432086741;3942186833;4189901819;4666743739;3051954095;3659662992;3701175843;3780283835;4073290861;3759656394;3580340175
221 - PEKANBARU;221 - PEKANBARU;Multiguna;KOL2;0;37501369,1;55642581,68;36769980,28;36030668,08;103533132,5;137677205;292151043;252280493,5;260436602,1;229108961,5;219874332,5;167548379,2;205122464,3;199331103,5;125179125,8;122030125;121179692,9
221 - PEKANBARU;221 - PEKANBARU;Prohajj;KOL2;132631730,8;122050279,4;121696501,9;141130078;124073002,6;21416949,11;26235625,84;0;40568702,99;39261624,28;0;18109180,23;17656791,31;29240705,15;15638296,44;17031614,68;42559835,49;48971522,67
221 - PEKANBARU;221 - PEKANBARU;SME;KOL2;137024722,5;121234486,3;1097850242;1065603563;40358997,79;39137715,44;37905237,99;36661462,83;82532325,18;34139604,16;32861310,67;31571299,49;30269463,2;28955693,41;27629880,72;26291914,74;24941684,07;39448095958
221 - PEKANBARU;227 - KCP KAMPAR;Cicil_Emas;KOL2;0;0;0;0;0;0;0;0;0;0;0;0;0;364185000;0;0;54916236,11;641080644,9
221 - PEKANBARU;227 - KCP KAMPAR;KPR;KOL2;0;0;0;0;0;0;0;0;0;0;0;0;0;0;0;0;0;0
221 - PEKANBARU;227 - KCP KAMPAR;Multiguna;KOL2;0;0;0;0;0;0;0;0;0;0;0;0;0;101722496,7;0;0;0;2628795,44
221 - PEKANBARU;227 - KCP KAMPAR;Prohajj;KOL2;0;0;26093803,75;37416892,77;0;0;0;0;0;0;0;0;0;0;138331384,5;140946466,6;133217409,6;0
221 - PEKANBARU;227 - KCP KAMPAR;SME;KOL2;124065191,1;120265064,2;116433301,2;112569638,9;112569638,9;112569638,9;100784588,4;100784588,4;100784588,4;0;0;0;76316646,6;72119012,93;72119012,93;63618618,73;0;54976103,79
211 - MEDAN BALAIKOTA;230 - KCP SERDANG;Cicil_Emas;KOL2;0;0;0;0;0;0;0;0;0;0;0;0;0;181565719,7;0;0;343321126;519180326,4
211 - MEDAN BALAIKOTA;230 - KCP SERDANG;KPR;KOL2;0;118830432,8;116760867;114669312,2;114669312,2;112555534,5;110419298;106078491,3;0;51012298,67;51012298,67;51012298,67;0;0;0;0;0;56673181,52
211 - MEDAN BALAIKOTA;230 - KCP SERDANG;Multiguna;KOL2;0;0;0;0;0;0;0;0;255549160,8;111914411,4;109213682,3;0;0;100920969,3;0;0;0;0
211 - MEDAN BALAIKOTA;230 - KCP SERDANG;Prohajj;KOL2;25573997,01;60612405,78;0;22242791,38;0;30090209,46;18746678,42;18341207,05;24984450,9;23226945,86;0;0;67561868,19;71732930,69;40524824,46;27194305,63;47656136,2;71659636,83
211 - MEDAN BALAIKOTA;230 - KCP SERDANG;SME;KOL2;0;0;0;0;0;0;0;0;0;0;0;0;0;0;0;0;0;0
211 - MEDAN BALAIKOTA;231 - PADANGSIDIMPUAN;Cicil_Emas;KOL2;0;0;0;0;0;0;0;28023000;0;0;23275062,46;23275062,46;0;91933544,02;0;0;106203699,4;544593290,5
211 - MEDAN BALAIKOTA;231 - PADANGSIDIMPUAN;KPR;KOL2;0;76288138,79;0;0;0;0;0;0;0;0;158563419,2;0;48311705,99;48389910,37;0;45499198,63;0;42547950,06
211 - MEDAN BALAIKOTA;231 - PADANGSIDIMPUAN;Multiguna;KOL2;0;0;0;0;0;0;0;0;0;0;0;0;0;0;119093830,1;0;80431129;103158388,6
211 - MEDAN BALAIKOTA;231 - PADANGSIDIMPUAN;Prohajj;KOL2;88778331,2;100545292,1;80600594,34;24334491,91;142484404,2;70891466,06;58606836,73;56937480,19;72569270,78;53516897,69;105926621;85655408,83;84451677,52;94203578,19;62138073,33;64556597,86;86830454,07;149707204,3
211 - MEDAN BALAIKOTA;231 - PADANGSIDIMPUAN;SME;KOL2;0;0;171944322,2;0;313564693,9;0;167622146;165406655,5;0;164285044,3;162013703,8;0;160863818;160863818;159704349,8;158535219,4;157356346,2;157356346,2
211 - MEDAN BALAIKOTA;233 - KCP PANYABUNGAN;Cicil_Emas;KOL2;0;0;0;0;0;0;0;0;0;0;35480385,98;35361479,41;0;35361479,41;0;0;18014027,03;341841745,9
211 - MEDAN BALAIKOTA;233 - KCP PANYABUNGAN;KPR;KOL2;0;0;0;0;0;0;0;0;0;0;0;0;0;0;0;0;0;0
211 - MEDAN BALAIKOTA;233 - KCP PANYABUNGAN;Multiguna;KOL2;0;0;0;0;0;0;0;0;0;0;0;0;0;38425933,63;0;0;0;0
211 - MEDAN BALAIKOTA;233 - KCP PANYABUNGAN;Prohajj;KOL2;0;13810248,06;16640362,02;98087567,8;94328257,92;15466465,74;15062374,01;15062374,01;14651712;0;9668958,88;0;0;0;0;0;0;4304500,42
211 - MEDAN BALAIKOTA;233 - KCP PANYABUNGAN;SME;KOL2;0;0;0;0;0;0;0;0;0;0;0;0;0;0;0;0;0;0
241 - BANDA ACEH;241 - BANDA ACEH;Cicil_Emas;KOL2;0;0;0;0;0;0;0;0;0;0;0;0;0;23694943,49;0;0;111280683;97461628,33
241 - BANDA ACEH;241 - BANDA ACEH;KPR;KOL2;2453947447;2890475975;2499043798;2460523130;2649629540;2550924113;2373513351;2541410047;2613477144;2094380076;1926619151;2053830580;2221776873;2237704121;2044670804;1833936182;2066272047;1415275823
241 - BANDA ACEH;241 - BANDA ACEH;Multiguna;KOL2;30777498,42;27077877,62;0;5973301,66;0;0;0;0;0;0;0;0;19692247,53;24585048,79;23171540,15;10680147,68;3849854,92;7226833,27
241 - BANDA ACEH;241 - BANDA ACEH;Prohajj;KOL2;0;32895719,15;32119449,43;45101050,11;42510380,15;33009727,57;15062374,01;14651712;40526986,49;25422885,57;24963141,08;24525112,13;23167827,68;10159341,22;10159341,22;9170603,22;18839562,1;8149451,27
241 - BANDA ACEH;241 - BANDA ACEH;SME;KOL2;37475133,28;1048210522;1044836341;1033264780;25976890,85;2656088,76;19835575,81;19835575,81;18957412,88;0;0;0;0;0;0;0;0;677291210,8
482 - MEDAN BARU;251 - PEMATANG SIANTAR;Cicil_Emas;KOL2;0;0;0;0;0;0;0;0;0;0;0;0;0;0;0;0;52359282,03;114459289
482 - MEDAN BARU;251 - PEMATANG SIANTAR;KPR;KOL2;490378867,1;682954909,9;611546834;526917091,5;472727268,1;464864190;457733427,4;462400489,2;581579783;570089056,1;370961165,1;464585944;454428306,4;336154056,3;433769982,8;423266677;367722748,7;174523363,8
482 - MEDAN BARU;251 - PEMATANG SIANTAR;Multiguna;KOL2;129608977,5;98845000,12;0;0;0;25454836,3;0;23255350,42;0;21011210,56;0;0;0;0;0;0;0;0
482 - MEDAN BARU;251 - PEMATANG SIANTAR;Prohajj;KOL2;0;3558742,54;3558742,54;0;0;0;0;0;0;0;0;0;0;0;0;0;0;0
482 - MEDAN BARU;251 - PEMATANG SIANTAR;SME;KOL2;0;0;0;0;0;0;0;0;0;0;0;0;0;0;2573859432;0;0;0
482 - MEDAN BARU;252 - KCP KISARAN;Cicil_Emas;KOL2;0;0;0;0;0;0;0;0;0;0;0;0;0;0;0;0;0;0
482 - MEDAN BARU;252 - KCP KISARAN;KPR;KOL2;106105925,7;104632145,3;104632145,3;103143013;100118051,5;144186831,3;0;0;93876757,09;92275589,53;90657743,14;89023044,18;89023044,18;85702384,55;85702384,55;84016067,27;84016067,27;82312184,19
482 - MEDAN BARU;252 - KCP KISARAN;Multiguna;KOL2;0;0;0;12957270,77;0;0;0;11722164,09;10372221,72;7624356,02;7631703,72;466074,04;0;0;0;256496390,4;415152630;0
482 - MEDAN BARU;252 - KCP KISARAN;Prohajj;KOL2;15269381,5;14925186,15;14574873,66;56045618,48;0;0;36392883,5;36392883,5;33121770,56;33121770,56;33121770,56;0;10159341,22;0;0;0;0;0
482 - MEDAN BARU;252 - KCP KISARAN;SME;KOL2;0;0;0;0;0;0;0;0;0;0;0;0;0;0;0;0;0;0
241 - BANDA ACEH;261 - LANGSA;Cicil_Emas;KOL2;0;0;0;0;0;0;0;0;0;0;16581535,22;13965753,38;0;0;0;0;61349013,01;0
241 - BANDA ACEH;261 - LANGSA;KPR;KOL2;292146489,1;470991238,6;414688840,3;580917872,3;332630137;511649214;544470436,2;757966341,1;775204663,9;501734639,7;888078294,6;737425372,8;730376227,9;551741523,5;590110642,9;452540467,9;448954287,6;305609416,9
241 - BANDA ACEH;261 - LANGSA;Multiguna;KOL2;0;0;0;31407948,82;29508594,48;29508594,48;27590246,6;25652715,24;23695808,56;21719332,82;19723092,32;16866385,27;10766293,43;31512816,61;37002214,35;19123150,87;17647421,13;17041314,23
241 - BANDA ACEH;261 - LANGSA;Prohajj;KOL2;29303424,39;0;0;14234372,87;26278031,2;22203078,45;27743445,73;9669014,59;19329976,59;8664152,8;8664152,8;20707613,37;25886085,82;22347535,42;0;0;0;0
241 - BANDA ACEH;261 - LANGSA;SME;KOL2;0;0;1081874607;1125407395;1120577660;1014150807;1043701028;1038668524;1033566531;1028394076;1023395605;0;0;0;0;0;1012858439;0
241 - BANDA ACEH;262 - KCP LHOKSEUMAWE;Cicil_Emas;KOL2;0;0;0;0;184363878,5;170749267,3;195565870,4;120165205,8;275868780,5;80833048,84;10280137,4;166598094,2;0;498895871,3;0;0;1150188281;1604086030
241 - BANDA ACEH;262 - KCP LHOKSEUMAWE;KPR;KOL2;0;77337301,14;0;28020817,64;22994150,2;17883704,97;0;42164665,2;35967716,74;0;0;0;0;29640987,17;0;0;0;0
241 - BANDA ACEH;262 - KCP LHOKSEUMAWE;Multiguna;KOL2;17201018,51;14773013,92;14773013,92;59279676,63;142366026,6;135483156,4;0;29369144,61;0;42516948,96;135529281,8;36741309,79;33817342,53;126495554;27896105,78;24898428,49;84942968,99;74963769,57
241 - BANDA ACEH;262 - KCP LHOKSEUMAWE;Prohajj;KOL2;112876785,3;101233815,3;60236356,23;131457949,5;76961577;101430717,5;95671983,3;116138552,7;75705277,53;108307182,8;103736170,6;56734923,28;74481082,99;19337918,35;52680979,66;49882425,49;114309069,1;113476471,6
241 - BANDA ACEH;262 - KCP LHOKSEUMAWE;SME;KOL2;0;0;0;0;0;0;1672930694;0;0;0;0;0;0;0;0;0;0;1414581280
351 - LAMPUNG;351 - LAMPUNG;Cicil_Emas;KOL2;0;0;0;0;0;0;0;0;0;16640156,23;17918067,52;0;0;337243272;78182678,98;0;440055603,6;865579963,2
351 - LAMPUNG;351 - LAMPUNG;KPR;KOL2;1103729376;1892714971;1787725322;1526879658;1630210476;1811688983;1884066853;1644812671;2074708847;1292713698;1036231069;862574229,8;1111862996;961791299,1;961810489,1;485213674,1;914044716,3;1662250881
351 - LAMPUNG;351 - LAMPUNG;Multiguna;KOL2;0;49722662,6;48604386,67;134065466;1452242640;1509765463;1636358806;1523818621;118144961,5;1593965061;98670885,37;93316887,49;112016576,7;424824687,9;519265918,7;111558874,5;55702452,4;134874120,4
351 - LAMPUNG;351 - LAMPUNG;Prohajj;KOL2;53154215,65;53291110,44;78026042,59;117808583,6;118117732,1;65323457,7;80884038,07;135598631,8;81542981,4;59761598,82;39595451,44;12043793,15;29914862,58;42364448,3;111428809,4;27581318,11;52075311,87;37647229,46
351 - LAMPUNG;351 - LAMPUNG;SME;KOL2;0;0;0;0;156342238,9;156342238,9;2367814244;0;0;0;0;152201684;0;150224471;200450242,5;199445082,3;198433221;3078994506
351 - LAMPUNG;352 - KCP BANDAR JAYA;Cicil_Emas;KOL2;0;0;0;0;0;0;0;45862000;18064056,17;0;44398467,33;21643563,36;0;41650504,97;15327792,4;14858355,17;3326764808;4025249650
351 - LAMPUNG;352 - KCP BANDAR JAYA;KPR;KOL2;0;0;0;0;0;0;0;0;0;0;0;0;0;0;0;0;0;0
351 - LAMPUNG;352 - KCP BANDAR JAYA;Multiguna;KOL2;0;19487663,6;18684139,01;31984937,64;68496178,65;66747320,57;71394058,97;68970433,5;66523533,28;58717754,75;119236790,7;55006356,67;53122626,39;126518889,1;81273394,38;58761282,32;57969999,33;94074553,57
351 - LAMPUNG;352 - KCP BANDAR JAYA;Prohajj;KOL2;12941198,29;28468746,15;33280724,35;45213587,83;56330282,01;0;0;0;0;0;8149451,27;7626389,34;24992094,98;0;17328289,83;39561678,71;0;0
351 - LAMPUNG;352 - KCP BANDAR JAYA;SME;KOL2;0;0;0;0;0;0;0;0;0;0;0;0;0;0;0;0;0;0
351 - LAMPUNG;353 - KCP METRO LAMPUNG;Cicil_Emas;KOL2;0;0;0;0;0;43074445,7;0;0;91209855,88;0;65349953,24;63494732,93;0;297249493,1;0;0;98805126,88;752797522,6
351 - LAMPUNG;353 - KCP METRO LAMPUNG;KPR;KOL2;150877591,8;149036122,9;149036122,9;147682905,2;145460046;301679880,8;142649780,6;292903284,5;138631753,8;137729782,8;281631679,7;134724997,5;273513796,9;269385218;181297904,1;128488830,7;126881188,6;143146945,2
351 - LAMPUNG;353 - KCP METRO LAMPUNG;Multiguna;KOL2;0;0;0;16540462;16540462;15643008,71;15643008,71;54936433,89;38740721,81;53825039,53;0;0;36469379,96;35886082,77;114075239,4;132167242,5;188964246;97223628,28
351 - LAMPUNG;353 - KCP METRO LAMPUNG;Prohajj;KOL2;41339020,09;80412377,43;47515097,22;90706275,46;89936265,7;71483058,51;45995305,85;30124748,4;50057912,66;24525112,13;12496047,25;12043658,33;11583913,84;20785653,06;19812481,03;10159341,22;23266110,99;16796992,56
351 - LAMPUNG;353 - KCP METRO LAMPUNG;SME;KOL2;26263305,36;25251610,65;25251610,65;840881193,5;23188909,98;0;88546615,97;0;15744279,63;15744279,63;13499297,38;13499297,38;13499297,38;12351475,41;8803618,25;7613240,04;7613240,04;7613240,04
351 - LAMPUNG;355 - KCP ZA PAGAR ALAM LAMPUNG;Cicil_Emas;KOL2;0;0;0;0;0;0;8096155,01;18581000;0;0;0;0;0;233466280,5;0;0;154287063,9;173711246,6
351 - LAMPUNG;355 - KCP ZA PAGAR ALAM LAMPUNG;KPR;KOL2;115383514,6;73865532,59;349969601,4;30243689,46;138685375,5;0;41991751,1;0;22545594,57;0;0;0;97456001,21;116798804,3;94236181,18;0;90946220,49;176670063,9
351 - LAMPUNG;355 - KCP ZA PAGAR ALAM LAMPUNG;Multiguna;KOL2;0;0;0;0;0;0;0;0;19364834,74;0;0;0;0;53638910,73;0;0;0;14374123,37
351 - LAMPUNG;355 - KCP ZA PAGAR ALAM LAMPUNG;Prohajj;KOL2;23183587,28;0;21101351,44;0;18950910,48;18950910,48;18023946,33;11116694,18;15109920,77;13946021,21;13946021,21;0;8149451,27;8149451,27;0;6554613,19;6005620,16;5447700,84
351 - LAMPUNG;355 - KCP ZA PAGAR ALAM LAMPUNG;SME;KOL2;0;0;0;0;0;0;0;0;0;0;0;0;0;0;0;0;0;0
351 - LAMPUNG;356 - KCP KOTABUMI LAMPUNG;Cicil_Emas;KOL2;0;0;0;0;9378388;0;0;17516409,63;0;16617128,53;0;0;0;214874534,3;0;0;356903698,3;2485470767
351 - LAMPUNG;356 - KCP KOTABUMI LAMPUNG;KPR;KOL2;133452977,3;54575383,68;526947167,9;522628661,3;579095744,9;393449739,4;433655360,7;476800196,7;448887253,7;421350182,5;234807373,6;204622640,6;253332706,5;47021619,66;69998018,15;456261003,2;68609119,84;79610366,29
351 - LAMPUNG;356 - KCP KOTABUMI LAMPUNG;Multiguna;KOL2;0;12018173,03;0;39777138,24;33146980,06;32548982,45;31944008,2;31331975,92;30712803,26;30086406,92;29452702,62;28811605,1;36082841,37;119093291,7;33599380,45;32927837,4;6167253,51;4974404,01
351 - LAMPUNG;356 - KCP KOTABUMI LAMPUNG;Prohajj;KOL2;32575027,06;154448510,6;89107870,49;173050534,7;141123861,6;100852073,2;37181584,24;80534827,48;79140522,14;33327169,4;10159341,22;33756276,03;11173705,42;33407094,3;17328289,83;42281327,58;31034943,27;42959441,17
351 - LAMPUNG;356 - KCP KOTABUMI LAMPUNG;SME;KOL2;0;0;0;0;0;0;0;0;0;0;0;241535151,9;241535151,9;0;0;0;0;0
361 - PALEMBANG;361 - PALEMBANG;Cicil_Emas;KOL2;0;0;0;0;0;38926669,57;0;0;0;0;59752000;0;0;89052134,76;0;16067410,25;1057363795;1878572312
361 - PALEMBANG;361 - PALEMBANG;KPR;KOL2;1250860360;2844613259;2726224604;2827137813;2695129933;1775775704;1614066287;1785493760;1770917790;1891848229;1297135602;1373760193;1476185521;1146789402;1520035924;1386061686;1331390247;1810713379
361 - PALEMBANG;361 - PALEMBANG;Multiguna;KOL2;0;0;238372921,2;383985248,8;190324784;502687957,2;439348921,4;432098780,6;807893850,2;418129423,4;318007236,1;316552084,8;362413071;539415816,6;620813863,8;552938876,6;495432637,3;1089866989
361 - PALEMBANG;361 - PALEMBANG;Prohajj;KOL2;181621974,3;83826102,06;67688734,82;52499834,21;156721808,2;22685536,14;35999273,6;78460894,12;138159511,9;23538453,32;48198814,84;9170603,22;222749856,9;363617100,1;502674812,7;353672564,8;619077201,2;524698639,8
361 - PALEMBANG;361 - PALEMBANG;SME;KOL2;8705735191;12705181887;8611574583;8617027577;8568269989;4340988051;4182760282;4094716474;5422938376;3952340804;5317984043;1610192496;824701726,5;1958863623;1881148027;5252589689;5246746994;5161698962
361 - PALEMBANG;366 - KCP PLAJU;Cicil_Emas;KOL2;0;0;0;0;0;0;17082917,18;16365819,34;16365819,34;0;4561372,01;0;0;0;0;0;316876483,7;680809456,2
361 - PALEMBANG;366 - KCP PLAJU;KPR;KOL2;0;0;0;0;0;0;0;0;0;0;0;0;0;0;0;0;0;0
361 - PALEMBANG;366 - KCP PLAJU;Multiguna;KOL2;41233356,67;212557731,1;71559141,52;70309691,21;69047960,15;37741030,63;37017930,11;36286393,42;49257882,87;0;0;0;335925737,3;334099842,6;332258732,2;423502549,2;420796146,5;475174224,8
361 - PALEMBANG;366 - KCP PLAJU;Prohajj;KOL2;29136141,81;29136141,81;29136141,81;0;11116694,18;11116694,18;10159341,22;10159341,22;8664144,6;0;7626389,34;0;0;17642966,67;7094822,74;0;58427748,81;0
361 - PALEMBANG;366 - KCP PLAJU;SME;KOL2;0;0;0;0;0;0;0;0;0;0;0;0;0;0;0;0;0;0
371 - PANGKAL PINANG;371 - PANGKAL PINANG;Cicil_Emas;KOL2;0;0;0;0;0;46819663,54;46001787,77;45177096,37;0;0;0;0;0;485566129,7;0;0;727031656,5;1133185615
371 - PANGKAL PINANG;371 - PANGKAL PINANG;KPR;KOL2;640437783,1;821411747,3;637576455,2;738734571,4;562203702,2;421448094,6;566299585,5;672937745,2;291369425,7;509324689,4;224965480;73360305,84;262609436,9;248233584,8;194657770,5;210620919,9;380109198,8;190537261,3
371 - PANGKAL PINANG;371 - PANGKAL PINANG;Multiguna;KOL2;0;0;0;0;0;0;0;0;0;0;0;0;0;0;0;0;0;8392337,88
371 - PANGKAL PINANG;371 - PANGKAL PINANG;Prohajj;KOL2;102842724;17019207,12;49914926,27;49523661,44;65381392,01;43081201,31;0;8554124,67;0;0;4380370,68;18341207,05;61784252,26;27232259,32;33266592,31;16298903,19;8061602,02;285674174,5
371 - PANGKAL PINANG;371 - PANGKAL PINANG;SME;KOL2;0;0;0;0;0;0;0;318167543,1;0;0;0;0;0;0;0;0;0;0
371 - PANGKAL PINANG;372 - KCP TANJUNG PANDAN;Cicil_Emas;KOL2;0;0;0;0;0;0;0;0;228086258,7;36717258,74;10575000;10575000;0;10463200;0;0;59703334,36;36741647,01
371 - PANGKAL PINANG;372 - KCP TANJUNG PANDAN;KPR;KOL2;0;0;47940886,55;28769969,78;45509823,28;24919642,89;65949877,14;0;59354897,05;57334790,03;40367478,25;0;0;0;0;0;0;130272273,9
371 - PANGKAL PINANG;372 - KCP TANJUNG PANDAN;Multiguna;KOL2;34643476,31;33788899,82;32923641,12;32047566,68;0;0;0;0;32047566,68;32047566,68;0;0;0;0;0;0;0;0
371 - PANGKAL PINANG;372 - KCP TANJUNG PANDAN;Prohajj;KOL2;46221922,64;32510714,59;43771843,27;63845823,99;33773641,3;56061879,32;38628087,37;48787428,59;147706443,3;44705882,86;43325198,46;31713706,49;59127212,24;37357473,66;46768724,93;27838369,36;26873296,2;19337918,35
371 - PANGKAL PINANG;372 - KCP TANJUNG PANDAN;SME;KOL2;0;0;0;0;0;0;0;0;0;0;0;0;0;0;0;0;0;0
371 - PANGKAL PINANG;373 - KCP SUNGAILIAT;Cicil_Emas;KOL2;0;0;0;0;0;0;0;0;0;0;0;0;0;405079607,6;0;0;187068021,1;593477959,1
371 - PANGKAL PINANG;373 - KCP SUNGAILIAT;KPR;KOL2;229702255,3;307060516;185432704,1;181643855,8;205600542,2;172511635,5;169088651,9;188589239,5;160905649,6;256218846;151264814,8;236836013,7;163078686;156324111,9;151829449,5;212736086,3;145689668,1;45558335,17
371 - PANGKAL PINANG;373 - KCP SUNGAILIAT;Multiguna;KOL2;0;0;0;529000000;434000000;1434000000;0;0;0;237500000;0;0;0;0;0;0;0;0
371 - PANGKAL PINANG;373 - KCP SUNGAILIAT;Prohajj;KOL2;31728184,94;31728184,94;31728184,94;6186319,35;91806168,39;57579076,42;0;11583913,84;0;23167828,18;23167828,18;21283756,17;21283756,17;23167827,68;41509034,73;40566998,7;28983084,86;59837753,32
371 - PANGKAL PINANG;373 - KCP SUNGAILIAT;SME;KOL2;0;0;0;0;0;0;0;0;0;0;0;0;0;0;0;0;0;0
361 - PALEMBANG;398 - KCP BATURAJA;Cicil_Emas;KOL2;0;0;0;0;0;0;0;109116700;0;122860980,5;0;0;0;516196061,1;0;0;768968454,5;702535546,9
361 - PALEMBANG;398 - KCP BATURAJA;KPR;KOL2;0;0;0;0;0;0;0;0;0;0;0;0;0;0;0;0;0;0
361 - PALEMBANG;398 - KCP BATURAJA;Multiguna;KOL2;0;0;13121896,32;0;11024645,99;11024645,99;11024645,99;20145637,38;7812775,15;5626670,78;5626670,78;0;0;1144089,06;0;0;0;0
361 - PALEMBANG;398 - KCP BATURAJA;Prohajj;KOL2;28468746,01;23489610,78;0;25882396,9;2229329,91;34246658,23;0;0;21283756,03;0;0;0;6554613,19;22233388,88;128560144,6;140386893;123808739,9;0
361 - PALEMBANG;398 - KCP BATURAJA;SME;KOL2;0;0;0;0;0;0;0;0;0;0;0;0;0;0;0;0;0;0
361 - PALEMBANG;401 - KCP ENIM;Cicil_Emas;KOL2;0;0;0;0;0;18731713;0;26685076,27;84943514,84;28659674,52;41069504,19;43895346,27;0;94180423,24;0;0;27178032,16;108197957,2
361 - PALEMBANG;401 - KCP ENIM;KPR;KOL2;0;0;0;0;0;0;0;0;0;0;0;0;0;0;0;0;0;0
361 - PALEMBANG;401 - KCP ENIM;Multiguna;KOL2;0;0;0;0;0;0;0;0;0;0;0;0;0;0;0;0;0;0
361 - PALEMBANG;401 - KCP ENIM;Prohajj;KOL2;0;51878408,36;27620496,55;49644929,74;20881732,85;0;0;0;0;0;0;0;0;0;0;4195951,44;6427329,69;12762287,3
361 - PALEMBANG;401 - KCP ENIM;SME;KOL2;0;0;0;0;0;0;0;0;0;0;0;0;0;0;0;0;0;0
221 - PEKANBARU;411 - BATAM;Cicil_Emas;KOL2;0;34393470;33080164,22;31757008,64;0;0;0;52816673,15;24990878,79;23607053,57;0;15239908,7;0;47392522,62;17967184,47;15083404,84;233899379,5;12156206,31
221 - PEKANBARU;411 - BATAM;KPR;KOL2;4988436458;5037333481;5478655007;4903603095;5205723276;4393121617;4225522247;4193036041;3919007033;3373684026;3462766313;3398350595;3012185485;4120805400;2820588843;2734951814;2799214948;3781697687
221 - PEKANBARU;411 - BATAM;Multiguna;KOL2;158775919,6;82346586,21;80908102,76;150024325,4;487863016,8;439291030,3;136551603;137958303,5;89002392,16;147740267,8;14990971,5;13982533,64;94455198,54;323068005;183323507,8;197438700,8;240923198,4;197437310,8
221 - PEKANBARU;411 - BATAM;Prohajj;KOL2;49905614,55;53793687,07;26719095,05;133205331,8;92846007,26;20242081,87;19260071,81;56611341;99101719,88;61698320,26;11116694,18;0;146587925,3;166443370,4;155831073,1;143647834,1;319255232,4;137676344,6
221 - PEKANBARU;411 - BATAM;SME;KOL2;0;0;0;0;0;0;0;0;0;0;0;0;0;0;0;0;0;0
421 - PADANG;421 - PADANG;Cicil_Emas;KOL2;0;0;0;0;0;0;0;41896883,01;15752926,42;0;45020047,33;0;0;463538646,3;0;0;343831790,5;2061397688
421 - PADANG;421 - PADANG;KPR;KOL2;1070229913;1234308540;1153958388;881015674,9;987852360,3;1011649865;988372268,2;1151713122;1560260551;1170569898;1250064086;753363706,9;581004544,1;759758054,1;334439970,8;551477780,7;375808084;2174859195
421 - PADANG;421 - PADANG;Multiguna;KOL2;21827663,51;50339704,91;28512041,4;50339704,91;0;0;0;94058158,18;10337788,64;0;27258500,67;0;117774516,7;675542776;0;0;150770785,7;22781591,1
421 - PADANG;421 - PADANG;Prohajj;KOL2;61976723,95;68175688,07;48285441,24;91995446,95;113470724,5;7119336,25;25437245,54;31347550,03;29558067,47;25831101,66;45700989,7;29971822,25;28492444,7;10641877,81;0;9075861,07;14205559,51;205165823,6
421 - PADANG;421 - PADANG;SME;KOL2;0;0;0;0;0;0;0;0;0;0;0;0;0;0;0;0;0;729912738,4
421 - PADANG;422 - KCP BUKITTINGGI;Cicil_Emas;KOL2;0;0;0;0;0;0;0;0;0;0;0;0;0;0;0;0;70970672,16;83098331,3
421 - PADANG;422 - KCP BUKITTINGGI;KPR;KOL2;0;0;0;0;0;0;0;92411470,44;90335164,99;90335164,99;0;0;0;0;0;75207887,48;75207887,48;0
421 - PADANG;422 - KCP BUKITTINGGI;Multiguna;KOL2;0;0;0;0;0;0;0;0;0;0;0;0;46709598,29;0;0;0;31428286,93;0
421 - PADANG;422 - KCP BUKITTINGGI;Prohajj;KOL2;17019207,12;14234372,87;16255357,13;31721822,87;30489730;0;0;72714855,28;14234372,87;51801265,38;0;38000190,46;48436541,83;34766816,52;0;42099401,92;0;44294102,76
421 - PADANG;422 - KCP BUKITTINGGI;SME;KOL2;0;0;0;0;0;0;0;0;0;0;0;0;0;0;0;0;0;0
421 - PADANG;423 - KCP PAYAKUMBUH;Cicil_Emas;KOL2;0;0;0;0;0;0;0;0;0;0;0;0;0;11006391,15;0;0;13834500;870291714,6
421 - PADANG;423 - KCP PAYAKUMBUH;KPR;KOL2;60780057,46;235183860,5;294860372,7;174884020;174884020;174626800;174582023,4;174536873,5;174491347,5;174445442,1;0;273510978;146570789,3;278792797,7;91534045,51;88924788,9;86280894,62;237336263,8
421 - PADANG;423 - KCP PAYAKUMBUH;Multiguna;KOL2;25939896,64;25939896,64;25939896,64;25939896,64;0;0;0;0;0;0;0;0;0;0;0;0;0;0
421 - PADANG;423 - KCP PAYAKUMBUH;Prohajj;KOL2;0;29467315,02;12674612,53;31635692,03;31081605,02;11012221,11;0;0;0;0;0;0;0;6186319,35;0;10159398,75;10159398,75;33762039,77
421 - PADANG;423 - KCP PAYAKUMBUH;SME;KOL2;0;0;0;0;0;0;0;0;0;0;0;0;0;0;0;0;0;0
421 - PADANG;424 - KCP SOLOK;Cicil_Emas;KOL2;0;0;0;0;13664481,26;0;0;13132761,77;13132761,77;16342698,07;16342698,07;0;14894376,41;0;0;0;13949961,12;739705908,9
421 - PADANG;424 - KCP SOLOK;KPR;KOL2;26999841,07;0;0;0;0;0;0;79931561,62;0;0;0;0;0;83462728,91;0;0;0;92472996,49
421 - PADANG;424 - KCP SOLOK;Multiguna;KOL2;0;0;0;0;231140620,9;226511445,4;232267163,2;228313493,4;151855992,2;147756456,4;146259045,5;0;0;329451076,4;51126195,25;51126195,25;189772883,4;182620588,6
421 - PADANG;424 - KCP SOLOK;Prohajj;KOL2;0;63456358,2;0;0;58606836,73;0;0;0;478889,77;8664144,6;56324073,52;0;7094822,74;10159341,22;7626389,34;0;0;33543626,56
421 - PADANG;424 - KCP SOLOK;SME;KOL2;0;0;0;0;0;0;0;0;0;0;0;0;73052014,38;73052014,38;0;0;0;0
431 - BENGKULU;431 - BENGKULU;Cicil_Emas;KOL2;0;0;0;0;0;0;0;0;59636084,85;0;0;0;0;118227905,8;0;0;1823773809;461771641,9
431 - BENGKULU;431 - BENGKULU;KPR;KOL2;139777536,9;143323221,4;361326544,8;136817205,4;209489090,5;185930568,4;246100855,2;387905475,6;314457574,6;120780143,6;247474200,8;180960096,5;300929970,5;389007859,7;294511662,2;464257814,9;435823147,8;453509774,2
431 - BENGKULU;431 - BENGKULU;Multiguna;KOL2;96050598,18;94818316,3;0;91302675,28;60180791,16;58906916,91;57622427,04;23081839,51;38430625,33;42905200,36;27119344,55;15990401,71;15990401,71;50220296,62;47518329,8;22024755,06;22024755,06;14879122,07
431 - BENGKULU;431 - BENGKULU;Prohajj;KOL2;72516182,89;42028335,74;55616505,4;54849382,91;79812523,99;53330402,72;39546426,83;0;9170603,22;18341207,05;17328289,83;0;159337917,8;28010165,93;9668958,88;0;4880710,09;18590965,16
431 - BENGKULU;431 - BENGKULU;SME;KOL2;0;0;138188322;0;0;125281226,9;120935766,6;0;0;0;0;0;0;0;0;0;0;0
431 - BENGKULU;432 - KCP CURUP;Cicil_Emas;KOL2;0;0;0;0;0;0;0;8951139,73;8951139,73;0;7358090,52;0;0;0;0;0;137311812,1;285184595,2
431 - BENGKULU;432 - KCP CURUP;KPR;KOL2;55332406,44;34902924,36;34902924,36;16692480,79;48064736,31;0;14491629,18;13741443,77;0;0;0;0;24158180,15;9059736,27;8248440,81;0;26522640,97;18836976,62
431 - BENGKULU;432 - KCP CURUP;Multiguna;KOL2;0;0;0;0;0;0;0;0;0;0;0;0;0;0;31172968,14;0;0;0
431 - BENGKULU;432 - KCP CURUP;Prohajj;KOL2;0;28030939,24;15466465,74;0;0;25818286,71;24926942,24;10641877,81;0;0;0;0;20982104,27;0;8664144,6;0;0;12383066,53
431 - BENGKULU;432 - KCP CURUP;SME;KOL2;0;22930500,33;20211309,45;0;14649952,29;0;0;0;0;0;0;0;0;0;0;0;0;0
431 - BENGKULU;441 - JAMBI;Cicil_Emas;KOL2;0;0;0;0;0;0;0;186495180,8;184998715;0;0;46898000;0;0;0;0;0;91032999,28
431 - BENGKULU;441 - JAMBI;KPR;KOL2;1713736338;2041679347;1930701767;1933454760;1882805386;891158579,8;1613394561;1914208369;1210585633;1689418950;1062336489;1151688771;1146932562;1344756723;1323714274;612045082,6;870344697,9;1155590661
431 - BENGKULU;441 - JAMBI;Multiguna;KOL2;57560259,97;66079658,48;73342109,96;55925604,28;69016245,15;68873536,98;54154113,17;54006250,73;70801852,86;58774241;6752865,64;6598490,95;6598490,95;51033181,33;112711390,7;95921522,25;22045196,93;54182182,54
431 - BENGKULU;441 - JAMBI;Prohajj;KOL2;0;51764781,92;77494301,91;125983814;121506539,3;56701722,4;69484555,94;56801873,57;54447602,64;54016581,82;63667920,47;34656569,03;57824397,21;99722441,37;51406837,22;26324303,17;5447700,84;351498353,9
431 - BENGKULU;441 - JAMBI;SME;KOL2;418675812,1;412831461;1104679168;654415996,1;393400122,1;186159448;358177700,1;605484880,2;565929062,1;552272771,8;977205235,3;522554268,8;485854896,8;489236224,7;294923500,3;438600866,5;265413354,4;119204661,6
431 - BENGKULU;442 - KCP MUARA BUNGO;Cicil_Emas;KOL2;0;0;0;0;0;0;0;0;0;0;0;0;0;0;0;0;387716488,3;451965956,4
431 - BENGKULU;442 - KCP MUARA BUNGO;KPR;KOL2;0;0;0;0;0;0;0;0;0;0;0;0;0;0;0;0;0;50693873,44
431 - BENGKULU;442 - KCP MUARA BUNGO;Multiguna;KOL2;0;130784397,9;128755574,8;124636860,8;0;0;0;100847701,4;0;0;47656246,82;47656246,82;46583458,81;45498154,94;44400189,19;42165679,44;41028834,81;62104930,97
431 - BENGKULU;442 - KCP MUARA BUNGO;Prohajj;KOL2;91137289,69;66151307,58;60336751,67;13379227,24;36583364,4;14287135,9;13092510,27;32400450,35;31925633,98;29987641,89;29489286,23;28002062,95;27067077,75;36547183,26;18687326,83;32484603,9;25625002,52;27755718,76
431 - BENGKULU;442 - KCP MUARA BUNGO;SME;KOL2;0;0;0;0;2986518696;2982139951;0;0;0;0;0;0;0;0;0;0;0;0
221 - PEKANBARU;451 - TANJUNG PINANG;Cicil_Emas;KOL2;0;0;0;0;0;36044734,87;16851504,05;0;0;263726495,6;380964043,3;0;0;33406897,49;22095681,69;20279337,2;1433750909;332791328,9
221 - PEKANBARU;451 - TANJUNG PINANG;KPR;KOL2;1217364331;1411957935;839690223,3;1123166533;1207152607;854019779,6;853517116,4;774705188,1;1001675033;939087873,6;728486038,9;507405021,9;546261675,2;658657514,3;499774472,2;652993899,4;654528143,2;541042117,1
221 - PEKANBARU;451 - TANJUNG PINANG;Multiguna;KOL2;145816924,3;143993578,8;185059885,7;183402818,1;182639536;139677190,2;123323936,1;122542302,1;155687746,5;350927695;485046675;272012297,3;307983618,9;423155355;402775400,1;655644216;619616920,6;834613679,1
221 - PEKANBARU;451 - TANJUNG PINANG;Prohajj;KOL2;27189475,3;132534734,4;132587317,8;258568757,9;215010051,9;95302591,34;117240803,4;88641734,8;86356409,64;95641362,36;19329944,44;15077494,59;81988325,62;94569093,31;93104767,27;60542878,73;77099270,88;51584210,82
221 - PEKANBARU;451 - TANJUNG PINANG;SME;KOL2;0;0;0;0;0;0;0;0;0;0;0;0;0;0;0;0;0;0
482 - MEDAN BARU;467 - KCP STABAT;Cicil_Emas;KOL2;0;0;0;0;0;0;0;0;0;0;6059078,81;5954823,45;5954823,45;2846306,85;0;0;666629057,8;762621018
482 - MEDAN BARU;467 - KCP STABAT;KPR;KOL2;132181685,3;131337543;130483904,2;128353337,5;186871719,7;0;125734366,9;97325955,73;96423207,09;0;55607952,41;55607952,41;54327402,02;54327402,02;53675498,61;53015718,03;81726441,52;110135096,3
482 - MEDAN BARU;467 - KCP STABAT;Multiguna;KOL2;266546897,4;449315938;443292320,1;436137716;256447923;329132169,4;323154562,1;321691488,7;0;410718075,1;68080352,74;66547798,44;131969846,4;130415126,4;127276336,8;125690367;160659695,6;60659695,6
482 - MEDAN BARU;467 - KCP STABAT;Prohajj;KOL2;14651712;3017237,19;0;71408552,53;86060264,53;8065770,96;13379227,24;0;12496047,25;0;11583913,84;0;10641877,81;10641877,81;10641877,81;0;0;0
482 - MEDAN BARU;467 - KCP STABAT;SME;KOL2;0;0;0;0;0;0;0;0;0;0;0;0;0;0;0;0;0;0
431 - BENGKULU;473 - KCP MANNA BENGKULU;Cicil_Emas;KOL2;0;0;0;0;0;0;0;0;0;0;0;0;0;0;0;0;0;60809132,92
431 - BENGKULU;473 - KCP MANNA BENGKULU;KPR;KOL2;0;0;0;0;0;0;0;0;0;0;0;0;0;0;0;0;0;0
431 - BENGKULU;473 - KCP MANNA BENGKULU;Multiguna;KOL2;0;0;0;0;0;0;0;0;0;0;0;0;0;0;0;0;0;0
431 - BENGKULU;473 - KCP MANNA BENGKULU;Prohajj;KOL2;0;3537855,73;12496047,25;12043658,33;0;21557564,95;0;11116280,36;0;0;0;0;19337918,35;0;0;0;5447700,84;0
431 - BENGKULU;473 - KCP MANNA BENGKULU;SME;KOL2;0;0;0;0;0;0;0;0;0;0;0;0;0;0;0;0;0;0
431 - BENGKULU;474 - KCP ARGA MAKMUR;Cicil_Emas;KOL2;0;0;0;0;0;0;0;0;15194400;0;0;0;0;10293455,91;0;0;288362137,7;899945806,6
431 - BENGKULU;474 - KCP ARGA MAKMUR;KPR;KOL2;0;0;0;0;0;0;0;0;0;0;0;0;0;0;0;0;0;0
431 - BENGKULU;474 - KCP ARGA MAKMUR;Multiguna;KOL2;0;0;0;0;39078867,41;1663324,83;33624153,55;0;0;0;0;0;0;36769980,28;36030668,08;35283346,67;0;0
431 - BENGKULU;474 - KCP ARGA MAKMUR;Prohajj;KOL2;0;14651712;14234372,87;15864092,3;0;28003572,3;12496047,25;26278031,2;11583913,84;13379227,24;10641877,81;10159341,22;21712617,21;9170603,22;20248058,44;27961946,31;18791329,08;10159341,22
431 - BENGKULU;474 - KCP ARGA MAKMUR;SME;KOL2;0;0;0;0;0;0;0;0;0;0;0;0;0;0;0;0;0;0
482 - MEDAN BARU;482 - MEDAN BARU;Cicil_Emas;KOL2;0;0;0;6913240;6649259,71;0;6115344,73;5845380,23;5845380,23;0;52501277,45;69742034,24;0;223421694,7;23210052,65;0;422358991,5;1425873225
482 - MEDAN BARU;482 - MEDAN BARU;KPR;KOL2;535042260,3;350196858,5;1380272053;340827296,6;1209525280;1312943690;1207262669;1160769595;1545527428;1245645952;224048984,4;130873286,6;130873286,6;431291580,2;203449036,9;77591380,02;249833662,7;240833253,7
482 - MEDAN BARU;482 - MEDAN BARU;Multiguna;KOL2;0;77253344,7;73886553,05;110028196,3;239603467,6;109392329,3;73885343,21;146089772,4;111584743,1;189287877,8;196115767,8;85152710,39;107452524,1;205353711,7;308801218,7;126024002,1;149584449,5;154729824,6
482 - MEDAN BARU;482 - MEDAN BARU;Prohajj;KOL2;12941198,29;88494131,19;12941198,29;34367613,37;72738935,59;48846092,33;37028515,44;37028515,44;34277047,21;34277047,21;6155466,05;0;0;0;124416551,7;33013131,99;22853790,77;29893021,1
482 - MEDAN BARU;482 - MEDAN BARU;SME;KOL2;1336482746;1312081108;1312081108;5590533467;5565476396;1212289750;5435969219;5344629192;5288243677;5213328746;5213328746;5100734623;5054542133;0;4808795091;4760940921;4693295533;4681036442
371 - PANGKAL PINANG;495 - KCP KOBA;Cicil_Emas;KOL2;0;0;0;0;0;0;0;0;45047404,78;0;0;9411304,85;0;0;0;0;161564594,3;139765681,6
371 - PANGKAL PINANG;495 - KCP KOBA;KPR;KOL2;0;0;0;0;0;0;0;0;0;0;0;0;0;0;0;0;0;0
371 - PANGKAL PINANG;495 - KCP KOBA;Multiguna;KOL2;0;0;0;0;0;0;0;0;0;0;0;0;0;39740455,07;294522627,3;0;0;0
371 - PANGKAL PINANG;495 - KCP KOBA;Prohajj;KOL2;35120841,28;26544925,01;10357416,62;21941330,46;25934845,93;7010135,4;5297652,99;5297652,99;0;0;0;0;0;0;0;0;0;0
371 - PANGKAL PINANG;495 - KCP KOBA;SME;KOL2;0;0;0;0;0;0;0;0;0;0;0;0;0;0;0;0;0;0
211 - MEDAN BALAIKOTA;211 - MEDAN BALAIKOTA;Cicil_Emas;NPF;0;0;0;0;0;0;0;0;0;0;0;0;0;0;0;0;15939000;15939000
211 - MEDAN BALAIKOTA;211 - MEDAN BALAIKOTA;KPR;NPF;0;0;0;0;0;76147102,51;3034653,01;3192361,34;3192361,34;3192361,34;3192361,34;3192361,34;156206426,4;156206426,4;154738495,6;154738495,6;371791200,1;227852360,8
211 - MEDAN BALAIKOTA;211 - MEDAN BALAIKOTA;Multiguna;NPF;0;0;0;0;0;0;0;0;0;0;47321216,47;0;0;0;0;0;0;0
211 - MEDAN BALAIKOTA;211 - MEDAN BALAIKOTA;Prohajj;NPF;94712142,51;96323972,58;86041787,22;0;0;83023268,46;94607182,3;100634088,1;100634088,1;154366742,6;153891926,2;166833124,5;153891926,2;236833124,5;236833124,5;236833124,5;170107055,5;170107055,5
211 - MEDAN BALAIKOTA;211 - MEDAN BALAIKOTA;SME;NPF;0;0;0;0;0;0;0;0;0;0;0;0;0;0;0;0;0;0
482 - MEDAN BARU;214 - KCP BINJAI;Cicil_Emas;NPF;0;0;0;0;0;0;0;0;0;0;0;0;0;0;0;0;0;0
482 - MEDAN BARU;214 - KCP BINJAI;KPR;NPF;0;0;0;0;0;0;0;0;0;0;0;0;0;0;0;0;0;0
482 - MEDAN BARU;214 - KCP BINJAI;Multiguna;NPF;0;0;0;0;51825102,11;51825102,11;51825102,11;51825102,11;51825102,11;51825102,11;51825102,11;51825102,11;51825102,11;51825102,11;57908960,79;57908960,79;57908960,79;57908960,79
482 - MEDAN BARU;214 - KCP BINJAI;Prohajj;NPF;45874907,54;45874907,54;49433650,08;49433650,08;49433650,08;61477308,41;61477308,41;61477308,41;61477308,41;61477308,41;27186314,71;27186314,71;27186314,71;27186314,71;27186314,71;36816662,42;36356917,93;36356917,93
482 - MEDAN BARU;214 - KCP BINJAI;SME;NPF;0;0;0;0;0;0;0;0;0;0;0;0;0;0;0;0;0;0
211 - MEDAN BALAIKOTA;215 - KCP SUKARAMAI;Cicil_Emas;NPF;0;0;0;0;0;0;0;0;0;0;0;0;0;0;0;0;0;0
211 - MEDAN BALAIKOTA;215 - KCP SUKARAMAI;KPR;NPF;0;0;0;0;0;0;0;0;0;0;0;0;0;0;0;0;0;0
211 - MEDAN BALAIKOTA;215 - KCP SUKARAMAI;Multiguna;NPF;0;0;0;0;0;0;0;0;0;0;0;0;0;0;0;0;0;0
211 - MEDAN BALAIKOTA;215 - KCP SUKARAMAI;Prohajj;NPF;0;0;0;16640362,02;16640362,02;27006440;27006440;27006440;27006440;27006440;27006440;27006440;27006440;27006440;27006440;27006440;27006440;27006440
211 - MEDAN BALAIKOTA;215 - KCP SUKARAMAI;SME;NPF;0;0;0;0;0;0;0;0;0;0;0;0;0;0;0;0;0;0
221 - PEKANBARU;221 - PEKANBARU;Cicil_Emas;NPF;0;0;0;0;0;0;0;0;0;0;0;0;0;0;0;0;0;0
221 - PEKANBARU;221 - PEKANBARU;KPR;NPF;0;0;0;0;0;101670740,7;41842356,57;41842356,57;41842356,57;41011802,87;233569816;125874883,7;221108689,7;352096279,7;118435010,4;496918825,4;647148837,6;618334667,8
221 - PEKANBARU;221 - PEKANBARU;Multiguna;NPF;0;0;0;0;0;0;0;0;0;0;0;0;0;30626299,38;30626299,38;30626299,38;0;0
221 - PEKANBARU;221 - PEKANBARU;Prohajj;NPF;53099305,3;53099305,3;53099305,3;46221922,64;46221922,64;98423687,98;97653678,22;97653678,22;97653678,22;97653678,22;85610019,89;83224053,7;83224053,7;83224053,7;83224053,7;83224053,7;94807967,54;83224053,7
221 - PEKANBARU;221 - PEKANBARU;SME;NPF;0;0;0;0;0;0;0;0;0;0;0;0;0;0;0;0;0;0
221 - PEKANBARU;227 - KCP KAMPAR;Cicil_Emas;NPF;0;0;0;0;0;0;0;0;0;0;0;0;0;0;0;0;0;0
221 - PEKANBARU;227 - KCP KAMPAR;KPR;NPF;0;0;0;0;0;0;0;0;0;0;0;0;0;0;0;0;0;0
221 - PEKANBARU;227 - KCP KAMPAR;Multiguna;NPF;0;0;0;0;0;0;0;0;0;0;0;0;0;0;0;0;0;0
221 - PEKANBARU;227 - KCP KAMPAR;Prohajj;NPF;0;0;0;0;0;0;0;0;0;0;0;0;0;0;0;0;0;0
221 - PEKANBARU;227 - KCP KAMPAR;SME;NPF;0;0;0;0;0;0;0;0;0;0;0;0;0;0;0;0;0;0
211 - MEDAN BALAIKOTA;230 - KCP SERDANG;Cicil_Emas;NPF;0;0;0;0;0;0;0;0;0;0;0;0;0;0;0;0;0;141202000
211 - MEDAN BALAIKOTA;230 - KCP SERDANG;KPR;NPF;0;0;0;0;0;0;0;0;0;0;0;0;51012298,67;51012298,67;51012298,67;51012298,67;51012298,67;51012298,67
211 - MEDAN BALAIKOTA;230 - KCP SERDANG;Multiguna;NPF;0;0;0;0;0;0;0;0;0;0;0;0;0;0;0;0;0;0
211 - MEDAN BALAIKOTA;230 - KCP SERDANG;Prohajj;NPF;0;0;0;0;0;0;0;0;0;0;0;0;0;0;0;0;0;0
211 - MEDAN BALAIKOTA;230 - KCP SERDANG;SME;NPF;0;0;0;0;0;0;0;0;0;0;0;0;0;0;0;0;0;0
211 - MEDAN BALAIKOTA;231 - PADANGSIDIMPUAN;Cicil_Emas;NPF;0;0;0;0;0;0;0;0;0;0;0;0;0;0;0;0;0;0
211 - MEDAN BALAIKOTA;231 - PADANGSIDIMPUAN;KPR;NPF;0;0;0;0;0;0;0;0;0;0;0;0;0;0;0;0;0;0
211 - MEDAN BALAIKOTA;231 - PADANGSIDIMPUAN;Multiguna;NPF;0;0;0;0;0;0;0;0;0;0;0;0;0;0;0;0;0;0
211 - MEDAN BALAIKOTA;231 - PADANGSIDIMPUAN;Prohajj;NPF;37677797,28;23443424,41;38909890,15;15466465,74;0;38909890,15;38909890,15;38909890,15;38909890,15;38909890,15;38909890,15;38909890,15;38909890,15;38909890,15;38909890,15;38909890,15;38909890,15;38909890,15
211 - MEDAN BALAIKOTA;231 - PADANGSIDIMPUAN;SME;NPF;0;0;0;0;0;0;0;0;0;0;0;0;0;0;0;0;0;0
211 - MEDAN BALAIKOTA;233 - KCP PANYABUNGAN;Cicil_Emas;NPF;0;0;0;0;0;0;0;0;0;0;0;0;0;0;0;0;0;0
211 - MEDAN BALAIKOTA;233 - KCP PANYABUNGAN;KPR;NPF;0;0;0;0;0;0;0;0;0;0;0;0;0;0;0;0;0;0
211 - MEDAN BALAIKOTA;233 - KCP PANYABUNGAN;Multiguna;NPF;0;0;0;0;0;0;0;0;0;0;0;0;0;0;0;0;0;0
211 - MEDAN BALAIKOTA;233 - KCP PANYABUNGAN;Prohajj;NPF;82554487,79;82554487,79;82554487,79;0;0;81832210,67;81098189,76;81098189,76;81098189,76;95003946,12;95003946,12;79594149,7;79594149,7;79594149,7;78823739,28;78419647,55;77630140,44;77630140,44
211 - MEDAN BALAIKOTA;233 - KCP PANYABUNGAN;SME;NPF;0;0;0;0;0;0;0;0;0;0;0;0;0;0;0;0;0;0
241 - BANDA ACEH;241 - BANDA ACEH;Cicil_Emas;NPF;0;0;0;0;0;0;0;0;0;0;0;0;0;0;0;0;0;0
241 - BANDA ACEH;241 - BANDA ACEH;KPR;NPF;0;0;0;0;0;0;0;0;0;0;161509196,8;0;106981136,1;106981136,1;106981136,1;328736391,1;328736391,1;448150055,6
241 - BANDA ACEH;241 - BANDA ACEH;Multiguna;NPF;0;0;0;0;0;0;0;0;0;0;0;0;0;0;0;0;0;0
241 - BANDA ACEH;241 - BANDA ACEH;Prohajj;NPF;0;0;0;0;0;0;0;0;0;0;0;0;0;0;0;0;0;0
241 - BANDA ACEH;241 - BANDA ACEH;SME;NPF;0;0;0;0;0;0;0;0;0;0;0;0;0;0;0;0;0;0
482 - MEDAN BARU;251 - PEMATANG SIANTAR;Cicil_Emas;NPF;0;0;0;0;0;0;0;0;0;0;0;0;0;0;0;0;0;0
482 - MEDAN BARU;251 - PEMATANG SIANTAR;KPR;NPF;0;0;0;0;0;0;0;0;0;0;67787521,09;67787521,09;67787521,09;67787521,09;67787521,09;67787521,09;118543919,2;118543919,2
482 - MEDAN BARU;251 - PEMATANG SIANTAR;Multiguna;NPF;0;0;98845000,12;98845000,12;98845000,12;98845000,12;98845000,12;98845000,12;98845000,12;98845000,12;98845000,12;98845000,12;98845000,12;98845000,12;98845000,12;98845000,12;98845000,12;98845000,12
482 - MEDAN BARU;251 - PEMATANG SIANTAR;Prohajj;NPF;19375151,92;19375151,92;19375151,92;19375151,92;19375151,92;19375151,92;19375151,92;19375151,92;19375151,92;19375151,92;19375151,92;19375151,92;19375151,92;19375151,92;19375151,92;19375151,92;19375151,92;19375151,92
482 - MEDAN BARU;251 - PEMATANG SIANTAR;SME;NPF;0;0;0;0;0;0;0;0;0;0;0;0;0;0;0;0;0;0
482 - MEDAN BARU;252 - KCP KISARAN;Cicil_Emas;NPF;0;0;0;0;0;0;0;0;0;0;0;0;0;0;0;0;0;0
482 - MEDAN BARU;252 - KCP KISARAN;KPR;NPF;0;0;0;0;0;0;0;0;0;0;0;0;0;0;0;0;0;0
482 - MEDAN BARU;252 - KCP KISARAN;Multiguna;NPF;0;0;0;0;0;0;0;0;0;0;0;0;466074,04;466074,04;0;0;0;0
482 - MEDAN BARU;252 - KCP KISARAN;Prohajj;NPF;0;0;0;0;0;0;0;0;0;0;0;33121770,56;33121770,56;33121770,56;0;0;0;0
482 - MEDAN BARU;252 - KCP KISARAN;SME;NPF;0;0;0;0;0;0;0;0;0;0;0;0;0;0;0;0;0;0
241 - BANDA ACEH;261 - LANGSA;Cicil_Emas;NPF;0;0;0;0;0;0;0;0;0;0;0;0;0;0;0;0;0;0
241 - BANDA ACEH;261 - LANGSA;KPR;NPF;0;0;0;0;0;38979902,6;0;35826073,63;35826073,63;111663261,5;111663261,5;111663261,5;108348555,6;101619371;178066788,1;178066788,1;174617491,8;168633618,2
241 - BANDA ACEH;261 - LANGSA;Multiguna;NPF;0;0;0;0;0;0;0;0;0;0;0;0;6100091,84;0;3696411,65;2476514,06;1244417,49;1244417,49
241 - BANDA ACEH;261 - LANGSA;Prohajj;NPF;40361877,86;40361877,86;38732158,43;24497785,56;24497785,56;38732158,43;38732158,43;50775816,76;50775816,76;50775816,76;38732158,43;47396311,23;38732158,43;38732158,43;45826915,17;45826915,17;45826915,17;45826915,17
241 - BANDA ACEH;261 - LANGSA;SME;NPF;0;0;0;0;0;67016270,71;67016270,71;67016270,71;67016270,71;67016270,71;67016270,71;67016270,71;67016270,71;67016270,71;67016270,71;67016270,71;67016270,71;67016270,71
241 - BANDA ACEH;262 - KCP LHOKSEUMAWE;Cicil_Emas;NPF;0;0;0;0;0;0;0;0;0;0;0;0;0;0;0;0;410649000;410649000
241 - BANDA ACEH;262 - KCP LHOKSEUMAWE;KPR;NPF;0;0;0;0;0;0;0;0;0;0;0;0;0;0;0;0;0;0
241 - BANDA ACEH;262 - KCP LHOKSEUMAWE;Multiguna;NPF;0;0;0;0;0;0;0;0;0;0;0;0;0;0;0;0;0;0
241 - BANDA ACEH;262 - KCP LHOKSEUMAWE;Prohajj;NPF;57341828,22;23303413,69;55814128,28;4828476,56;4828476,56;55031598,63;55031598,63;55031598,63;55031598,63;54236345,53;49407868,97;49407868,97;49407868,97;49407868,97;49407868,97;49407868,97;49407868,97;49407868,97
241 - BANDA ACEH;262 - KCP LHOKSEUMAWE;SME;NPF;0;0;0;0;0;0;0;0;0;0;0;0;0;0;0;0;0;0
351 - LAMPUNG;351 - LAMPUNG;Cicil_Emas;NPF;0;0;0;0;0;0;0;0;0;0;0;0;0;0;0;0;0;0
351 - LAMPUNG;351 - LAMPUNG;KPR;NPF;0;0;0;0;0;311630941,6;95864489,36;141415454,5;141415454,5;139998084,2;534505340,4;372039264,4;373224086,1;552061600,9;515157736,8;714791221;806095137,3;821643729,8
351 - LAMPUNG;351 - LAMPUNG;Multiguna;NPF;0;0;0;0;0;0;0;0;0;0;1490641551;1490641551;1490641551;1490641551;1514909595;1514171392;1569409850;1563772363
351 - LAMPUNG;351 - LAMPUNG;Prohajj;NPF;56636849,64;70447097,7;70447097,7;0;0;70447097,7;70447097,7;70447097,7;70447097,7;98549024,26;125307478,7;125307478,7;125307478,7;124567875,3;124567875,3;96099129,14;96099129,14;96099129,14
351 - LAMPUNG;351 - LAMPUNG;SME;NPF;0;0;0;0;0;0;0;0;0;0;0;0;0;0;0;0;0;51224275,08
351 - LAMPUNG;352 - KCP BANDAR JAYA;Cicil_Emas;NPF;0;0;0;0;0;0;0;0;0;0;0;0;0;0;0;0;0;0
351 - LAMPUNG;352 - KCP BANDAR JAYA;KPR;NPF;0;0;0;0;0;0;0;0;0;0;0;0;0;0;0;0;0;0
351 - LAMPUNG;352 - KCP BANDAR JAYA;Multiguna;NPF;0;0;0;0;0;0;0;0;0;0;0;0;0;0;0;0;0;0
351 - LAMPUNG;352 - KCP BANDAR JAYA;Prohajj;NPF;45213587,83;45213587,83;45213587,83;0;0;45213587,83;0;0;0;0;0;0;0;0;0;0;17328289,83;17328289,83
351 - LAMPUNG;352 - KCP BANDAR JAYA;SME;NPF;0;0;0;0;0;0;0;0;0;0;0;0;0;0;0;0;0;0
351 - LAMPUNG;353 - KCP METRO LAMPUNG;Cicil_Emas;NPF;0;0;0;0;0;0;0;0;0;0;0;0;0;0;0;0;144103000;144103000
351 - LAMPUNG;353 - KCP METRO LAMPUNG;KPR;NPF;0;0;0;0;0;0;0;0;0;0;0;0;0;0;84865456,86;0;0;0
351 - LAMPUNG;353 - KCP METRO LAMPUNG;Multiguna;NPF;0;0;0;0;0;0;0;0;0;0;14736580,89;13821088,79;12896441,77;12896441,77;11962548,28;11019315,85;10066651,1;9104459,7
351 - LAMPUNG;353 - KCP METRO LAMPUNG;Prohajj;NPF;67989341,52;67989341,52;61587016,15;19256358,68;16600243,2;52756145,47;40780389,39;55842763,4;55842763,4;84715166,97;84715166,97;83880488,73;83032239,13;83032239,13;83032239,13;82170197,51;81294139,62;80403837,56
351 - LAMPUNG;353 - KCP METRO LAMPUNG;SME;NPF;0;0;0;0;0;22137565,31;0;0;0;0;0;0;0;0;0;0;0;0
351 - LAMPUNG;355 - KCP ZA PAGAR ALAM LAMPUNG;Cicil_Emas;NPF;0;0;0;0;0;0;0;0;0;0;0;0;0;0;0;0;0;0
351 - LAMPUNG;355 - KCP ZA PAGAR ALAM LAMPUNG;KPR;NPF;0;0;0;0;0;0;0;0;0;0;0;0;0;0;0;0;0;0
351 - LAMPUNG;355 - KCP ZA PAGAR ALAM LAMPUNG;Multiguna;NPF;0;0;0;0;0;0;0;0;0;0;0;0;0;0;0;0;0;0
351 - LAMPUNG;355 - KCP ZA PAGAR ALAM LAMPUNG;Prohajj;NPF;0;0;0;0;0;0;0;6907252,15;6907252,15;0;0;4277062,33;4277062,33;4277062,33;1471849,74;1471849,74;1471849,74;1471849,74
351 - LAMPUNG;355 - KCP ZA PAGAR ALAM LAMPUNG;SME;NPF;0;0;0;0;0;0;0;0;0;0;0;0;0;0;0;0;0;0
351 - LAMPUNG;356 - KCP KOTABUMI LAMPUNG;Cicil_Emas;NPF;0;0;0;0;0;0;0;0;0;0;0;0;0;0;0;0;0;0
351 - LAMPUNG;356 - KCP KOTABUMI LAMPUNG;KPR;NPF;0;0;0;0;0;0;0;0;0;0;0;0;0;0;0;0;0;0
351 - LAMPUNG;356 - KCP KOTABUMI LAMPUNG;Multiguna;NPF;0;0;0;0;0;0;0;0;0;0;0;0;0;0;0;0;0;0
351 - LAMPUNG;356 - KCP KOTABUMI LAMPUNG;Prohajj;NPF;50665101,4;50665101,4;50665101,4;0;14234372,87;60314784,71;76178877,01;84066227,81;84066227,81;100921401,8;99709021,48;80369194,43;80369194,43;80369194,43;80369194,43;48803236,98;67144444,03;67144444,03
351 - LAMPUNG;356 - KCP KOTABUMI LAMPUNG;SME;NPF;0;0;0;0;0;0;0;0;0;0;0;0;0;0;0;0;0;0
361 - PALEMBANG;361 - PALEMBANG;Cicil_Emas;NPF;0;0;0;0;0;0;0;0;0;0;0;0;0;0;0;0;0;29955000
361 - PALEMBANG;361 - PALEMBANG;KPR;NPF;0;0;0;0;0;1298346164;0;52378166,31;52378166,31;0;495988729,7;148747248,6;148747248,6;316079822,7;312771523,4;311659747;438408555,5;435827846,7
361 - PALEMBANG;361 - PALEMBANG;Multiguna;NPF;0;0;0;0;0;0;0;0;0;0;39101673,31;37856036,12;37224640,74;37224640,74;118029239,5;266643184,3;170227645,2;170227645,2
361 - PALEMBANG;361 - PALEMBANG;Prohajj;NPF;22098008,6;91629008,5;88338887,93;113776133,5;113776133,5;142648395,5;154692053,8;154692053,8;154692053,8;154692053,8;120550386,9;120550386,9;120550386,9;120550386,9;120550386,9;120550386,9;120550386,9;257195074,7
361 - PALEMBANG;361 - PALEMBANG;SME;NPF;0;0;0;0;0;2640728686;0;0;0;0;0;0;0;0;0;530647158,3;0;0
361 - PALEMBANG;366 - KCP PLAJU;Cicil_Emas;NPF;0;0;0;0;0;0;0;0;0;0;0;0;0;0;0;0;0;0
361 - PALEMBANG;366 - KCP PLAJU;KPR;NPF;0;0;0;0;0;0;0;0;0;0;0;0;0;0;0;0;0;0
361 - PALEMBANG;366 - KCP PLAJU;Multiguna;NPF;0;0;0;0;0;0;0;0;0;0;0;0;0;0;0;0;0;0
361 - PALEMBANG;366 - KCP PLAJU;Prohajj;NPF;0;0;0;29136141,81;16640094,56;16640094,56;16640094,56;0;0;0;0;0;0;0;0;0;0;0
361 - PALEMBANG;366 - KCP PLAJU;SME;NPF;0;0;0;0;0;0;0;0;0;0;0;0;0;0;0;0;0;0
371 - PANGKAL PINANG;371 - PANGKAL PINANG;Cicil_Emas;NPF;0;0;0;0;0;0;0;0;0;0;0;0;0;0;0;0;0;0
371 - PANGKAL PINANG;371 - PANGKAL PINANG;KPR;NPF;0;0;0;0;0;216149742,7;0;0;0;0;266860703;266860703;266860703;268992368,7;266860703;266860703;266860703;266860703
371 - PANGKAL PINANG;371 - PANGKAL PINANG;Multiguna;NPF;0;0;0;0;0;0;0;0;0;0;0;0;0;0;0;0;0;0
371 - PANGKAL PINANG;371 - PANGKAL PINANG;Prohajj;NPF;0;51039534,61;16640362,02;16255357,13;0;49151076,28;49151076,28;32510714,26;32510714,26;31721822,87;31721822,87;15466465,74;15466465,74;15466465,74;15466465,74;15466465,74;31765368,93;31765368,93
371 - PANGKAL PINANG;371 - PANGKAL PINANG;SME;NPF;0;0;0;0;0;0;0;0;0;0;0;0;0;0;0;0;0;0
371 - PANGKAL PINANG;372 - KCP TANJUNG PANDAN;Cicil_Emas;NPF;0;0;0;0;0;0;0;0;0;0;0;0;0;0;0;0;0;0
371 - PANGKAL PINANG;372 - KCP TANJUNG PANDAN;KPR;NPF;0;0;0;0;0;0;0;0;0;0;0;40367478,25;40367478,25;40367478,25;40367478,25;40367478,25;40367478,25;40367478,25
371 - PANGKAL PINANG;372 - KCP TANJUNG PANDAN;Multiguna;NPF;0;0;0;0;32047566,68;32047566,68;32047566,68;32047566,68;32047566,68;0;32047566,68;32047566,68;32047566,68;32047566,68;32047566,68;30262428,12;29353088,52;29353088,52
371 - PANGKAL PINANG;372 - KCP TANJUNG PANDAN;Prohajj;NPF;53042096,02;52331744,41;52331744,41;48682851,51;47960950,02;51609842,92;51609842,92;51609842,92;51609842,92;50412089,56;37968760,94;37235121,77;36489554,07;36489554,07;36489554,07;36489554,07;36489554,07;36489554,07
371 - PANGKAL PINANG;372 - KCP TANJUNG PANDAN;SME;NPF;0;0;0;0;0;0;0;0;0;0;0;0;0;0;0;0;0;0
371 - PANGKAL PINANG;373 - KCP SUNGAILIAT;Cicil_Emas;NPF;0;0;0;0;0;0;0;0;0;0;0;0;0;0;0;0;0;0
371 - PANGKAL PINANG;373 - KCP SUNGAILIAT;KPR;NPF;0;0;0;0;0;0;0;0;0;0;0;0;0;0;2589516,41;0;0;0
371 - PANGKAL PINANG;373 - KCP SUNGAILIAT;Multiguna;NPF;0;0;0;0;0;0;0;0;0;0;0;0;0;0;0;0;0;0
371 - PANGKAL PINANG;373 - KCP SUNGAILIAT;Prohajj;NPF;0;0;0;31728184,94;0;30124748,4;30124748,4;30124748,4;30124748,4;0;0;0;0;0;0;0;11583913,84;0
371 - PANGKAL PINANG;373 - KCP SUNGAILIAT;SME;NPF;0;0;0;0;0;0;0;0;0;0;0;0;0;0;0;0;0;0
361 - PALEMBANG;398 - KCP BATURAJA;Cicil_Emas;NPF;0;0;0;0;0;0;0;0;0;0;0;0;0;0;0;0;0;302249867,2
361 - PALEMBANG;398 - KCP BATURAJA;KPR;NPF;0;0;0;0;0;0;0;0;0;0;0;0;0;0;0;0;0;0
361 - PALEMBANG;398 - KCP BATURAJA;Multiguna;NPF;0;0;0;0;0;0;0;0;0;0;0;0;0;0;0;0;0;0
361 - PALEMBANG;398 - KCP BATURAJA;Prohajj;NPF;0;0;0;0;0;0;0;0;0;0;0;0;0;0;0;0;0;0
361 - PALEMBANG;398 - KCP BATURAJA;SME;NPF;0;0;0;0;0;0;0;0;0;0;0;0;0;0;0;0;0;0
361 - PALEMBANG;401 - KCP ENIM;Cicil_Emas;NPF;0;0;0;0;0;0;0;0;0;0;0;0;0;0;0;0;0;0
361 - PALEMBANG;401 - KCP ENIM;KPR;NPF;0;0;0;0;0;0;0;0;0;0;0;0;0;0;0;0;0;0
361 - PALEMBANG;401 - KCP ENIM;Multiguna;NPF;0;0;0;0;0;0;0;0;0;0;0;0;0;0;0;0;0;0
361 - PALEMBANG;401 - KCP ENIM;Prohajj;NPF;0;0;0;0;27620496,55;0;0;0;0;0;0;0;0;0;0;0;0;0
361 - PALEMBANG;401 - KCP ENIM;SME;NPF;0;0;0;0;0;0;0;0;0;0;0;0;0;0;0;0;0;0
221 - PEKANBARU;411 - BATAM;Cicil_Emas;NPF;0;0;0;0;0;0;0;0;0;0;0;0;0;0;0;0;0;0
221 - PEKANBARU;411 - BATAM;KPR;NPF;0;0;0;0;0;251640588,7;151449906,5;146520885,7;146520885,7;0;107958350,1;64325800,04;64325800,04;134795164,2;62439263,44;62439263,44;74995181,71;144597879,7
221 - PEKANBARU;411 - BATAM;Multiguna;NPF;0;0;0;0;0;0;0;0;0;0;0;0;0;0;0;0;32212219,38;32212219,38
221 - PEKANBARU;411 - BATAM;Prohajj;NPF;82088285,63;81233140;80795111,05;0;0;79897571,09;79897571,09;79897571,09;79897571,09;79897571,09;79897571,09;79897571,09;79897571,09;79897571,09;79897571,09;79897571,09;79897571,09;79897571,09
221 - PEKANBARU;411 - BATAM;SME;NPF;0;0;0;0;0;0;0;0;0;0;0;0;0;0;0;0;0;0
421 - PADANG;421 - PADANG;Cicil_Emas;NPF;0;0;0;0;0;0;0;0;0;0;0;0;0;0;0;0;0;128245967,5
421 - PADANG;421 - PADANG;KPR;NPF;0;0;0;0;0;84311585,56;0;0;0;0;0;0;181369933,7;0;270792402,8;313389603,7;324571970,5;324571970,5
421 - PADANG;421 - PADANG;Multiguna;NPF;0;0;21827663,51;0;50339704,91;50339704,91;50339704,91;50339704,91;50339704,91;50339704,91;50339704,91;50339704,91;50339704,91;50339704,91;50339704,91;50339704,91;50339704,91;50339704,91
421 - PADANG;421 - PADANG;Prohajj;NPF;64072871,74;32652936,59;32652936,59;0;0;59842411,89;32652936,59;58090182,13;58090182,13;55353544,61;32652936,59;32652936,59;32652936,59;52481236,69;52481236,69;52481236,69;52481236,69;52481236,69
421 - PADANG;421 - PADANG;SME;NPF;0;0;0;0;0;0;0;0;0;0;0;0;0;0;0;0;0;0
421 - PADANG;422 - KCP BUKITTINGGI;Cicil_Emas;NPF;0;0;0;0;0;0;0;0;0;0;0;0;0;0;0;0;0;0
421 - PADANG;422 - KCP BUKITTINGGI;KPR;NPF;0;0;0;0;0;0;0;0;0;0;0;0;0;0;0;0;0;0
421 - PADANG;422 - KCP BUKITTINGGI;Multiguna;NPF;0;0;0;0;0;0;0;0;0;0;0;0;0;0;0;0;0;0
421 - PADANG;422 - KCP BUKITTINGGI;Prohajj;NPF;0;17019207,12;0;0;0;15466465,74;15466465,74;15466465,74;15466465,74;15062374,01;15062374,01;14651712;14651712;14651712;14651712;14651712;14651712;14651712
421 - PADANG;422 - KCP BUKITTINGGI;SME;NPF;0;0;0;0;0;0;0;0;0;0;0;0;0;0;0;0;0;0
421 - PADANG;423 - KCP PAYAKUMBUH;Cicil_Emas;NPF;0;0;0;0;0;0;0;0;0;0;0;0;0;0;0;0;0;0
421 - PADANG;423 - KCP PAYAKUMBUH;KPR;NPF;0;0;0;0;0;0;0;0;0;0;174399154,1;0;174352480,4;174257962,8;174210112,5;174161863,5;174161863,5;174161863,5
421 - PADANG;423 - KCP PAYAKUMBUH;Multiguna;NPF;0;0;0;0;25939896,64;25939896,64;25939896,64;25939896,64;25939896,64;25939896,64;25939896,64;25939896,64;25939896,64;25939896,64;25939896,64;25939896,64;25939896,64;25939896,64
421 - PADANG;423 - KCP PAYAKUMBUH;Prohajj;NPF;19506731,48;19506731,48;19506731,48;0;0;19506731,48;19506731,48;19506731,48;19506731,48;19506731,48;19506731,48;19506731,48;19506731,48;19506731,48;19506731,48;19506731,48;19506731,48;19506731,48
421 - PADANG;423 - KCP PAYAKUMBUH;SME;NPF;0;0;0;0;0;0;0;0;0;0;0;0;0;0;0;0;0;0
421 - PADANG;424 - KCP SOLOK;Cicil_Emas;NPF;0;0;0;0;0;0;0;0;0;0;0;0;0;0;0;0;0;0
421 - PADANG;424 - KCP SOLOK;KPR;NPF;0;0;0;0;0;0;0;0;0;0;0;0;0;0;0;0;0;0
421 - PADANG;424 - KCP SOLOK;Multiguna;NPF;0;0;0;0;0;0;0;0;0;0;0;0;0;0;0;0;0;51126195,25
421 - PADANG;424 - KCP SOLOK;Prohajj;NPF;0;0;0;0;0;0;0;0;0;0;0;0;0;0;0;0;0;0
421 - PADANG;424 - KCP SOLOK;SME;NPF;0;0;0;0;0;0;0;0;0;0;0;0;0;0;0;0;0;0
431 - BENGKULU;431 - BENGKULU;Cicil_Emas;NPF;0;0;0;0;0;0;0;0;0;0;0;0;0;0;0;0;0;1449810000
431 - BENGKULU;431 - BENGKULU;KPR;NPF;0;0;0;0;0;89644754,49;89644754,49;87709752,02;87709752,02;87709752,02;87709752,02;87709752,02;124879353,2;124879353,2;124879353,2;124879353,2;126082264,1;126082264,1
431 - BENGKULU;431 - BENGKULU;Multiguna;NPF;0;0;30878722,41;0;29858537,76;29858537,76;29858537,76;86185770,85;86185770,85;83562913,16;82235068,78;80896159,03;87993655,31;94175175,52;92802513,31;91418412,25;90022777,02;95245330,76
431 - BENGKULU;431 - BENGKULU;Prohajj;NPF;24750917,74;24750917,74;24750917,74;0;0;38561165,8;38130144,98;65180524,56;65180524,56;53596610,72;53596610,72;53596610,72;53596610,72;53596610,72;53596610,72;63265569,6;63265569,6;62767213,94
431 - BENGKULU;431 - BENGKULU;SME;NPF;0;0;0;0;0;0;0;0;0;0;0;0;0;0;0;0;0;0
431 - BENGKULU;432 - KCP CURUP;Cicil_Emas;NPF;0;0;0;0;0;0;0;0;0;0;0;0;0;0;0;0;0;0
431 - BENGKULU;432 - KCP CURUP;KPR;NPF;0;0;0;0;0;0;0;0;0;0;0;0;0;0;0;0;0;0
431 - BENGKULU;432 - KCP CURUP;Multiguna;NPF;0;0;0;0;0;0;0;0;0;0;0;0;0;0;0;0;0;0
431 - BENGKULU;432 - KCP CURUP;Prohajj;NPF;0;0;0;0;0;0;0;0;0;0;0;0;0;0;0;0;0;0
431 - BENGKULU;432 - KCP CURUP;SME;NPF;0;0;0;0;0;0;0;0;0;0;0;0;0;0;0;0;0;0
431 - BENGKULU;441 - JAMBI;Cicil_Emas;NPF;0;0;0;0;0;0;0;0;0;0;0;0;0;0;0;0;0;0
431 - BENGKULU;441 - JAMBI;KPR;NPF;0;0;0;0;0;946765595,1;347208842,6;386442431,1;386442431,1;235143929,9;604476812,4;416768954,4;809340718,3;810408401,7;500387982;819145829,6;892789965,5;1039316373
431 - BENGKULU;441 - JAMBI;Multiguna;NPF;0;8017473,14;8017473,14;0;8017473,14;7158809,88;7158809,88;7158809,88;7158809,88;6292275,54;53092392,65;6292275,54;6292275,54;6292275,54;12734719,41;12734719,41;12734719,41;12734719,41
431 - BENGKULU;441 - JAMBI;Prohajj;NPF;32902449,52;32902449,52;17221071,6;0;0;32687537,34;32687537,34;43053615,32;43053615,32;43053615,32;43053615,32;43053615,32;43053615,32;77710184,35;62243718,61;85411546,79;85411546,79;85411546,79
431 - BENGKULU;441 - JAMBI;SME;NPF;0;0;0;0;0;231617188,1;231617188,1;0;0;0;0;0;0;0;187193993,5;0;176344537,8;361613846,9
431 - BENGKULU;442 - KCP MUARA BUNGO;Cicil_Emas;NPF;0;0;0;0;0;0;0;0;0;0;0;0;0;0;0;0;155707000;155707000
431 - BENGKULU;442 - KCP MUARA BUNGO;KPR;NPF;0;0;0;0;0;0;0;0;0;0;0;0;0;0;0;0;0;0
431 - BENGKULU;442 - KCP MUARA BUNGO;Multiguna;NPF;0;0;0;0;0;0;0;0;0;0;0;0;0;0;0;0;0;0
431 - BENGKULU;442 - KCP MUARA BUNGO;Prohajj;NPF;0;0;0;12496067,79;12496067,79;12496067,79;12496067,79;12496067,79;12496067,79;12496067,79;12496067,79;0;19337918,35;19337918,35;19337918,35;16298903,19;15252779,35;0
431 - BENGKULU;442 - KCP MUARA BUNGO;SME;NPF;0;0;0;0;0;0;0;0;0;0;0;0;0;0;0;0;0;0
221 - PEKANBARU;451 - TANJUNG PINANG;Cicil_Emas;NPF;0;0;0;0;0;0;0;0;0;0;0;0;0;0;0;0;0;0
221 - PEKANBARU;451 - TANJUNG PINANG;KPR;NPF;0;0;0;0;0;0;0;0;0;0;107057249,5;107057249,5;107057249,5;107057249,5;121105202,5;121105202,5;270904697,3;270904697,3
221 - PEKANBARU;451 - TANJUNG PINANG;Multiguna;NPF;0;0;0;0;0;12201006,45;11146179,7;11146179,7;11146179,7;11146179,7;38750224;71621268,23;71621268,23;71621268,23;71621268,23;71621268,23;71621268,23;222408085,9
221 - PEKANBARU;451 - TANJUNG PINANG;Prohajj;NPF;108270505,6;108270505,6;121649732,8;0;0;104630525,7;104630525,7;104630525,7;104630525,7;104630525,7;132675146,6;104630525,7;104630525,7;104630525,7;104630525,7;130622960,1;130622960,1;130622960,1
221 - PEKANBARU;451 - TANJUNG PINANG;SME;NPF;0;0;0;0;0;0;0;0;0;0;0;0;0;0;0;0;0;0
482 - MEDAN BARU;467 - KCP STABAT;Cicil_Emas;NPF;0;0;0;0;0;0;0;0;0;0;0;0;0;5954823,45;5954823,45;0;0;0
482 - MEDAN BARU;467 - KCP STABAT;KPR;NPF;0;0;0;0;0;127490095,2;0;27515705,49;27515705,49;27515705,49;27515705,49;27515705,49;27515705,49;27515705,49;27515705,49;27515705,49;27515705,49;27515705,49
482 - MEDAN BARU;467 - KCP STABAT;Multiguna;NPF;0;0;0;0;101365170,7;99709488,65;98037249,82;98037249,82;98037249,82;0;339705564,6;338271752,7;336821213;336821213;333808921,4;330380161,2;392136764,2;389082479,6
482 - MEDAN BARU;467 - KCP STABAT;Prohajj;NPF;63342781,57;77994493,57;77994493,57;14651712;0;77994493,57;86060264,53;86060264,53;86060264,53;86537183,65;78471412,69;78471412,69;78471412,69;78471412,69;78471412,69;89113290,5;89113290,5;89113290,5
482 - MEDAN BARU;467 - KCP STABAT;SME;NPF;0;0;0;0;0;0;0;0;0;0;0;0;0;0;0;0;0;0
431 - BENGKULU;473 - KCP MANNA BENGKULU;Cicil_Emas;NPF;0;0;0;0;0;0;0;0;0;0;0;0;0;0;0;0;0;0
431 - BENGKULU;473 - KCP MANNA BENGKULU;KPR;NPF;0;0;0;0;0;0;0;0;0;0;0;0;0;0;0;0;0;0
431 - BENGKULU;473 - KCP MANNA BENGKULU;Multiguna;NPF;0;0;0;0;0;0;0;0;0;0;0;0;0;0;0;0;0;0
431 - BENGKULU;473 - KCP MANNA BENGKULU;Prohajj;NPF;0;0;0;0;0;0;0;0;0;0;0;0;0;0;0;0;0;0
431 - BENGKULU;473 - KCP MANNA BENGKULU;SME;NPF;0;0;0;0;0;0;0;0;0;0;0;0;0;0;0;0;0;0
431 - BENGKULU;474 - KCP ARGA MAKMUR;Cicil_Emas;NPF;0;0;0;0;0;0;0;0;0;0;0;0;0;0;0;0;0;0
431 - BENGKULU;474 - KCP ARGA MAKMUR;KPR;NPF;0;0;0;0;0;0;0;0;0;0;0;0;0;0;0;0;0;0
431 - BENGKULU;474 - KCP ARGA MAKMUR;Multiguna;NPF;0;0;0;0;0;0;1663324,83;0;0;0;0;0;0;0;0;0;0;0
431 - BENGKULU;474 - KCP ARGA MAKMUR;Prohajj;NPF;0;0;0;0;0;0;0;0;0;0;0;0;0;0;0;0;0;0
431 - BENGKULU;474 - KCP ARGA MAKMUR;SME;NPF;0;0;0;0;0;0;0;0;0;0;0;0;0;0;0;0;0;0
482 - MEDAN BARU;482 - MEDAN BARU;Cicil_Emas;NPF;0;0;0;0;0;0;0;0;0;0;0;0;0;0;0;0;0;0
482 - MEDAN BARU;482 - MEDAN BARU;KPR;NPF;0;0;0;0;0;0;0;0;0;0;1020211382;1020211382;1020211382;1020211382;1020211382;1020211382;1020211382;1020211382
482 - MEDAN BARU;482 - MEDAN BARU;Multiguna;NPF;0;0;0;0;0;0;74782116,32;74782116,32;74782116,32;74782116,32;108098253,4;106179420,3;105539726,2;105539726,2;102947929,6;102274094,7;102274094,7;101592398,4
482 - MEDAN BARU;482 - MEDAN BARU;Prohajj;NPF;21426415,08;21426415,08;21426415,08;0;0;33922462,33;33470073,41;33470073,41;33470073,41;33010328,92;33010328,92;32543109,26;32068292,89;21426415,08;21426415,08;21426415,08;21426415,08;21426415,08
482 - MEDAN BARU;482 - MEDAN BARU;SME;NPF;0;0;0;0;0;0;0;0;0;0;0;0;0;959851191;0;0;0;0
371 - PANGKAL PINANG;495 - KCP KOBA;Cicil_Emas;NPF;0;0;0;0;0;0;0;0;0;0;0;0;0;0;0;0;0;28469000
371 - PANGKAL PINANG;495 - KCP KOBA;KPR;NPF;0;0;0;0;0;0;0;0;0;0;0;0;0;0;0;0;0;0
371 - PANGKAL PINANG;495 - KCP KOBA;Multiguna;NPF;0;0;0;0;0;0;0;0;0;0;0;0;0;0;0;0;0;0
371 - PANGKAL PINANG;495 - KCP KOBA;Prohajj;NPF;0;19930868,24;19930868,24;19930868,24;19930868,24;19930868,24;19930868,24;19930868,24;19930868,24;21723864,43;0;0;0;0;0;0;0;0
371 - PANGKAL PINANG;495 - KCP KOBA;SME;NPF;0;0;0;0;0;0;0;0;0;0;0;0;0;0;0;0;0;0
